title,plot,poster_url,genres
The Shawshank Redemption,"Two imprisoned men bond over a number of years, finding solace and eventual redemption through acts of common decency.",http://ia.media-imdb.com/images/M/MV5BODU4MjU4NjIwNl5BMl5BanBnXkFtZTgwMDU2MjEyMDE@.jpg,"[""Crime"", ""Drama""]"
The Godfather,The aging patriarch of an organized crime dynasty transfers control of his clandestine empire to his reluctant son.,http://ia.media-imdb.com/images/M/MV5BMjEyMjcyNDI4MF5BMl5BanBnXkFtZTcwMDA5Mzg3OA@@.jpg,"[""Crime"", ""Drama""]"
The Godfather: Part II,"The early life and career of Vito Corleone in 1920s New York is portrayed while his son, Michael, expands and tightens his grip on his crime syndicate stretching from Lake Tahoe, Nevada to pre-revolution 1958 Cuba.",http://ia.media-imdb.com/images/M/MV5BNDc2NTM3MzU1Nl5BMl5BanBnXkFtZTcwMTA5Mzg3OA@@.jpg,"[""Crime"", ""Drama""]"
The Dark Knight,"When the menace known as the Joker wreaks havoc and chaos on the people of Gotham, the caped crusader must come to terms with one of the greatest psychological tests of his ability to fight injustice.",http://ia.media-imdb.com/images/M/MV5BMTMxNTMwODM0NF5BMl5BanBnXkFtZTcwODAyMTk2Mw@@.jpg,"[""Action"", ""Crime"", ""Drama""]"
Pulp Fiction,"The lives of two mob hit men, a boxer, a gangster's wife, and a pair of diner bandits intertwine in four tales of violence and redemption.",http://ia.media-imdb.com/images/M/MV5BMjE0ODk2NjczOV5BMl5BanBnXkFtZTYwNDQ0NDg4.jpg,"[""Crime"", ""Drama""]"
Schindler's List,"In Poland during World War II, Oskar Schindler gradually becomes concerned for his Jewish workforce after witnessing their persecution by the Nazis.",http://ia.media-imdb.com/images/M/MV5BMzMwMTM4MDU2N15BMl5BanBnXkFtZTgwMzQ0MjMxMDE@.jpg,"[""Biography"", ""Drama"", ""History""]"
12 Angry Men,A dissenting juror in a murder trial slowly manages to convince the others that the case is not as obviously clear as it med in court.,http://ia.media-imdb.com/images/M/MV5BODQwOTc5MDM2N15BMl5BanBnXkFtZTcwODQxNTEzNA@@.jpg,"[""Crime"", ""Drama""]"
"The Good, the Bad and the Ugly",A bounty hunting scam joins two men in an uneasy alliance against a third in a race to find a fortune in gold buried in a remote cemetery.,http://ia.media-imdb.com/images/M/MV5BOTQ5NDI3MTI4MF5BMl5BanBnXkFtZTgwNDQ4ODE5MDE@.jpg,"[""Western""]"
The Lord of the Rings: The Return of the King,Gandalf and Aragorn lead the World of Men against Sauron's army to draw his gaze from Frodo and Sam as they approach Mount Doom with the One Ring.,http://ia.media-imdb.com/images/M/MV5BMjE4MjA1NTAyMV5BMl5BanBnXkFtZTcwNzM1NDQyMQ@@.jpg,"[""Adventure"", ""Fantasy""]"
Fight Club,"An insomniac office worker, looking for a way to change his life, crosses paths with a devil-may-care soap maker, forming an underground fight club that evolves into something much, much ...",http://ia.media-imdb.com/images/M/MV5BMjIwNTYzMzE1M15BMl5BanBnXkFtZTcwOTE5Mzg3OA@@.jpg,"[""Drama""]"
The Lord of the Rings: The Fellowship of the Ring,A meek hobbit of the Shire and eight companions set out on a journey to Mount Doom to destroy the One Ring and the dark lord Sauron.,http://ia.media-imdb.com/images/M/MV5BNTEyMjAwMDU1OV5BMl5BanBnXkFtZTcwNDQyNTkxMw@@.jpg,"[""Adventure"", ""Fantasy""]"
Star Wars: Episode V - The Empire Strikes Back,"After the rebels have been brutally overpowered by the Empire on their newly established base, Luke Skywalker takes advanced Jedi training with Master Yoda, while his friends are pursued by Darth Vader as part of his plan to capture Luke.",http://ia.media-imdb.com/images/M/MV5BMjE2MzQwMTgxN15BMl5BanBnXkFtZTcwMDQzNjk2OQ@@.jpg,"[""Action"", ""Adventure"", ""Fantasy"", ""Sci-Fi""]"
Forrest Gump,"Forrest Gump, while not intelligent, has accidentally been present at many historic moments, but his true love, Jenny Curran, eludes him.",http://ia.media-imdb.com/images/M/MV5BMTQwMTA5MzI1MF5BMl5BanBnXkFtZTcwMzY5Mzg3OA@@.jpg,"[""Drama"", ""Romance""]"
Inception,A thief who steals corporate secrets through use of dream-sharing technology is given the inverse task of planting an idea into the mind of a CEO.,http://ia.media-imdb.com/images/M/MV5BMjAxMzY3NjcxNF5BMl5BanBnXkFtZTcwNTI5OTM0Mw@@.jpg,"[""Action"", ""Mystery"", ""Sci-Fi"", ""Thriller""]"
One Flew Over the Cuckoo's Nest,"Upon admittance to a mental institution, a brash rebel rallies the patients to take on the oppressive head nurse.",http://ia.media-imdb.com/images/M/MV5BMTk5OTA4NTc0NF5BMl5BanBnXkFtZTcwNzI5Mzg3OA@@.jpg,"[""Drama""]"
The Lord of the Rings: The Two Towers,"While Frodo and Sam edge closer to Mordor with the help of the shifty Gollum, the divided fellowship makes a stand against Sauron's new ally, Saruman, and his hordes of Isengard.",http://ia.media-imdb.com/images/M/MV5BMTAyNDU0NjY4NTheQTJeQWpwZ15BbWU2MDk4MTY2Nw@@.jpg,"[""Adventure"", ""Fantasy""]"
Goodfellas,Henry Hill and his friends work their way up through the mob hierarchy.,http://ia.media-imdb.com/images/M/MV5BMTY2OTE5MzQ3MV5BMl5BanBnXkFtZTgwMTY2NTYxMTE@.jpg,"[""Biography"", ""Crime"", ""Drama""]"
The Matrix,A computer hacker learns from mysterious rebels about the true nature of his reality and his role in the war against its controllers.,http://ia.media-imdb.com/images/M/MV5BMTkxNDYxOTA4M15BMl5BanBnXkFtZTgwNTk0NzQxMTE@.jpg,"[""Action"", ""Sci-Fi""]"
Star Wars,"Luke Skywalker joins forces with a Jedi Knight, a cocky pilot, a wookiee and two droids to save the universe from the Empire's world-destroying battle-station, while also attempting to rescue Princess Leia from the evil Darth Vader.",http://ia.media-imdb.com/images/M/MV5BMTU4NTczODkwM15BMl5BanBnXkFtZTcwMzEyMTIyMw@@.jpg,"[""Action"", ""Adventure"", ""Fantasy"", ""Sci-Fi""]"
Seven Samurai,A poor village under attack by bandits recruits seven unemployed samurai to help them defend themselves.,http://ia.media-imdb.com/images/M/MV5BMTc5MDY1MjU5MF5BMl5BanBnXkFtZTgwNDM2OTE4MzE@.jpg,"[""Drama""]"
City of God,"Two boys growing up in a violent neighborhood of Rio de Janeiro take different paths: one becomes a photographer, the other a drug dealer.",http://ia.media-imdb.com/images/M/MV5BMjA4ODQ3ODkzNV5BMl5BanBnXkFtZTYwOTc4NDI3.jpg,"[""Crime"", ""Drama""]"
Se7en,"Two detectives, a rookie and a veteran, hunt a serial killer who uses the seven deadly sins as his modus operandi.",http://ia.media-imdb.com/images/M/MV5BMTQwNTU3MTE4NF5BMl5BanBnXkFtZTcwOTgxNDM2Mg@@.jpg,"[""Drama"", ""Mystery"", ""Thriller""]"
The Silence of the Lambs,A young F.B.I. cadet must confide in an incarcerated and manipulative killer to receive his help on catching another serial killer who skins his victims.,http://ia.media-imdb.com/images/M/MV5BMTQ2NzkzMDI4OF5BMl5BanBnXkFtZTcwMDA0NzE1NA@@.jpg,"[""Drama"", ""Mystery"", ""Thriller""]"
The Usual Suspects,"A sole survivor tells of the twisty events leading up to a horrific gun battle on a boat, which begin when five criminals meet at a mingly random police lineup.",http://ia.media-imdb.com/images/M/MV5BMzI1MjI5MDQyOV5BMl5BanBnXkFtZTcwNzE4Mjg3NA@@.jpg,"[""Crime"", ""Drama"", ""Thriller""]"
It's a Wonderful Life,An angel helps a compassionate but despairingly frustrated businessman by showing what life would have been like if he never existed.,http://ia.media-imdb.com/images/M/MV5BMTMzMzY5NDc4M15BMl5BanBnXkFtZTcwMzc4NjIxNw@@.jpg,"[""Drama"", ""Family"", ""Fantasy""]"
Life Is Beautiful,"When an open-minded Jewish librarian and his son become victims of the Holocaust, he uses a perfect mixture of will, humor and imagination to protect his son from the dangers around their camp.",http://ia.media-imdb.com/images/M/MV5BMTQwMTM2MjE4Ml5BMl5BanBnXkFtZTgwODQ2NTYxMTE@.jpg,"[""Comedy"", ""Drama"", ""Romance""]"
Léon: The Professional,"Mathilda, a 12-year-old girl, is reluctantly taken in by Léon, a professional assassin, after her family is murdered. Léon and Mathilda form an unusual relationship, as she becomes his protégée and learns the assassin's trade.",http://ia.media-imdb.com/images/M/MV5BMTgzMzg4MDkwNF5BMl5BanBnXkFtZTcwODAwNDg3OA@@.jpg,"[""Crime"", ""Drama"", ""Thriller""]"
Interstellar,A team of explorers travel through a wormhole in space in an attempt to ensure humanity's survival.,http://ia.media-imdb.com/images/M/MV5BMjIxNTU4MzY4MF5BMl5BanBnXkFtZTgwMzM4ODI3MjE@.jpg,"[""Adventure"", ""Drama"", ""Sci-Fi""]"
Once Upon a Time in the West,Epic story of a mysterious stranger with a harmonica who joins forces with a notorious desperado to protect a beautiful widow from a ruthless assassin working for the railroad.,http://ia.media-imdb.com/images/M/MV5BMTEyODQzNDkzNjVeQTJeQWpwZ15BbWU4MDgyODk1NDEx.jpg,"[""Western""]"
Casablanca,"Set in unoccupied Africa during the early days of World War II: An American expatriate meets a former lover, with unforen complications.",http://ia.media-imdb.com/images/M/MV5BMjQwNDYyNTk2N15BMl5BanBnXkFtZTgwMjQ0OTMyMjE@.jpg,"[""Drama"", ""Romance"", ""War""]"
American History X,A former neo-nazi skinhead tries to prevent his younger brother from going down the same wrong path that he did.,http://ia.media-imdb.com/images/M/MV5BMjMzNDUwNTIyMF5BMl5BanBnXkFtZTcwNjMwNDg3OA@@.jpg,"[""Crime"", ""Drama""]"
Saving Private Ryan,"Following the Normandy Landings, a group of U.S. soldiers go behind enemy lines to retrieve a paratrooper whose brothers have been killed in action.",http://ia.media-imdb.com/images/M/MV5BNjczODkxNTAxN15BMl5BanBnXkFtZTcwMTcwNjUxMw@@.jpg,"[""Action"", ""Drama"", ""War""]"
Spirited Away,"During her family's move to the suburbs, a sullen 10-year-old girl wanders into a world ruled by gods, witches, and spirits, and where humans are changed into beasts.",http://ia.media-imdb.com/images/M/MV5BMjYxMDcyMzIzNl5BMl5BanBnXkFtZTYwNDg2MDU3.jpg,"[""Animation"", ""Adventure"", ""Family"", ""Fantasy""]"
Raiders of the Lost Ark,Archaeologist and adventurer Indiana Jones is hired by the US government to find the Ark of the Covenant before the Nazis.,http://ia.media-imdb.com/images/M/MV5BMjA0ODEzMTc1Nl5BMl5BanBnXkFtZTcwODM2MjAxNA@@.jpg,"[""Action"", ""Adventure""]"
City Lights,"With the aid of a wealthy erratic tippler, a dewy-eyed tramp who has fallen in love with a sightless flower girl accumulates money to be able to help her medically.",http://ia.media-imdb.com/images/M/MV5BMjA3NDQ5MDMzOV5BMl5BanBnXkFtZTgwODY2MjcyMjE@.jpg,"[""Comedy"", ""Drama"", ""Romance""]"
Psycho,"A Phoenix secretary steals $40,000 from her employer's client, goes on the run and checks into a remote motel run by a young man under the domination of his mother.",http://ia.media-imdb.com/images/M/MV5BNjI3OTAxNjI5OV5BMl5BanBnXkFtZTgwMzk4ODE4MzE@.jpg,"[""Horror"", ""Mystery"", ""Thriller""]"
Rear Window,A wheelchair bound photographer spies on his neighbours from his apartment window and becomes convinced one of them has committed murder.,http://ia.media-imdb.com/images/M/MV5BMTg5MjM4NzEwOF5BMl5BanBnXkFtZTgwMDE1NjM0MTE@.jpg,"[""Mystery"", ""Thriller""]"
The Intouchables,"After he becomes a quadriplegic from a paragliding accident, an aristocrat hires a young man from the projects to be his caregiver.",http://ia.media-imdb.com/images/M/MV5BMTYxNDA3MDQwNl5BMl5BanBnXkFtZTcwNTU4Mzc1Nw@@.jpg,"[""Biography"", ""Comedy"", ""Drama""]"
Modern Times,The Tramp struggles to live in modern industrial society with the help of a young homeless woman.,http://ia.media-imdb.com/images/M/MV5BMjAyMTkxNjI5OF5BMl5BanBnXkFtZTYwMjI2MjA5.jpg,"[""Comedy"", ""Drama""]"
Whiplash,A promising young drummer enrolls at a cut-throat music conservatory where his dreams of greatness are mentored by an instructor who will stop at nothing to realize a student's potential.,http://ia.media-imdb.com/images/M/MV5BMTU4OTQ3MDUyMV5BMl5BanBnXkFtZTgwOTA2MjU0MjE@.jpg,"[""Drama"", ""Music""]"
Terminator 2: Judgment Day,"A cyborg, identical to the one who failed to kill Sarah Connor, must now protect her young son, John Connor, from a  advanced cyborg, made out of liquid metal.",http://ia.media-imdb.com/images/M/MV5BMTg5NzUwMDU5NF5BMl5BanBnXkFtZTcwMjk2MDA4Mg@@.jpg,"[""Action"", ""Sci-Fi""]"
The Green Mile,"The lives of guards on Death Row are affected by one of their charges: a black man accused of child murder and rape, yet who has a mysterious gift.",http://ia.media-imdb.com/images/M/MV5BMTUxMzQyNjA5MF5BMl5BanBnXkFtZTYwOTU2NTY3.jpg,"[""Crime"", ""Drama"", ""Fantasy"", ""Mystery""]"
The Pianist,A Polish Jewish musician struggles to survive the destruction of the Warsaw ghetto of World War II.,http://ia.media-imdb.com/images/M/MV5BMTc4OTkyOTA3OF5BMl5BanBnXkFtZTYwMDIxNjk5.jpg,"[""Biography"", ""Drama"", ""War""]"
Memento,A man creates a strange system to help him remember things; so he can hunt for the murderer of his wife without his short-term memory loss being an obstacle.,http://ia.media-imdb.com/images/M/MV5BMTc4MjUxNDAwN15BMl5BanBnXkFtZTcwMDMwNDg3OA@@.jpg,"[""Mystery"", ""Thriller""]"
The Departed,An undercover cop and a mole in the police attempt to identify each other while infiltrating an Irish gang in South Boston.,http://ia.media-imdb.com/images/M/MV5BMTI1MTY2OTIxNV5BMl5BanBnXkFtZTYwNjQ4NjY3.jpg,"[""Crime"", ""Drama"", ""Thriller""]"
Inside Out,"After young Riley is uprooted from her Midwest life and moved to San Francisco, her emotions - Joy, Fear, Anger, Disgust and Sadness - conflict on how best to navigate a new city, house, and school.",http://ia.media-imdb.com/images/M/MV5BOTgxMDQwMDk0OF5BMl5BanBnXkFtZTgwNjU5OTg2NDE@.jpg,"[""Animation"", ""Adventure"", ""Comedy"", ""Drama"", ""Family"", ""Fantasy""]"
Gladiator,"When a Roman general is betrayed and his family murdered by an emperor's corrupt son, he comes to Rome as a gladiator to k revenge.",http://ia.media-imdb.com/images/M/MV5BMTgwMzQzNTQ1Ml5BMl5BanBnXkFtZTgwMDY2NTYxMTE@.jpg,"[""Action"", ""Drama""]"
Apocalypse Now,"During the Vietnam War, Captain Willard is sent on a dangerous mission into Cambodia to assassinate a renegade colonel who has set himself up as a god among a local tribe.",http://ia.media-imdb.com/images/M/MV5BMTcyMzQ5NDM4OV5BMl5BanBnXkFtZTcwODUwNDg3OA@@.jpg,"[""Drama"", ""War""]"
Sunset Blvd.,A hack screenwriter writes a screenplay for a former silent-film star who has faded into Hollywood obscurity.,http://ia.media-imdb.com/images/M/MV5BMTc3NDYzODAwNV5BMl5BanBnXkFtZTgwODg1MTczMTE@.jpg,"[""Drama"", ""Film-Noir""]"
Dr. Strangelove or: How I Learned to Stop Worrying and Love the Bomb,An insane general triggers a path to nuclear holocaust that a war room full of politicians and generals frantically try to stop.,http://ia.media-imdb.com/images/M/MV5BMTU2ODM2NTkxNF5BMl5BanBnXkFtZTcwOTMwMzU3Mg@@.jpg,"[""Comedy"", ""War""]"
Back to the Future,"A young man is accidentally sent 30 years into the past in a time-traveling DeLorean invented by his friend, Dr. Emmett Brown, and must make sure his high-school-age parents unite in order to save his own existence.",http://ia.media-imdb.com/images/M/MV5BMjA5NTYzMDMyM15BMl5BanBnXkFtZTgwNjU3NDU2MTE@.jpg,"[""Adventure"", ""Comedy"", ""Romance"", ""Sci-Fi""]"
The Prestige,Two stage magicians engage in competitive one-upmanship in an attempt to create the ultimate stage illusion.,http://ia.media-imdb.com/images/M/MV5BMjA4NDI0MTIxNF5BMl5BanBnXkFtZTYwNTM0MzY2.jpg,"[""Drama"", ""Mystery"", ""Thriller""]"
Alien,"The commercial vessel Nostromo receives a distress call from an unexplored planet. After searching for survivors, the crew heads home only to realize that a deadly bioform has joined them.",http://ia.media-imdb.com/images/M/MV5BMTU1ODQ4NjQyOV5BMl5BanBnXkFtZTgwOTQ3NDU2MTE@.jpg,"[""Horror"", ""Sci-Fi""]"
The Lion King,"Tricked into thinking that he caused the death of his father, a lion cub flees and abandons his destiny as the future king.",http://ia.media-imdb.com/images/M/MV5BMjEyMzgwNTUzMl5BMl5BanBnXkFtZTcwNTMxMzM3Ng@@.jpg,"[""Animation"", ""Adventure"", ""Drama"", ""Family"", ""Musical""]"
The Lives of Others,"In 1984 East Berlin, an agent of the secret police, conducting surveillance on a writer and his lover, finds himself becoming increasingly absorbed by their lives.",http://ia.media-imdb.com/images/M/MV5BNDUzNjYwNDYyNl5BMl5BanBnXkFtZTcwNjU3ODQ0MQ@@.jpg,"[""Drama"", ""Thriller""]"
The Great Dictator,Dictator Adenoid Hynkel tries to expand his empire while a poor Jewish barber tries to avoid persecution from Hynkel's regime.,http://ia.media-imdb.com/images/M/MV5BMTQ5NDAwMDgzOV5BMl5BanBnXkFtZTgwNDI2MjA0MjE@.jpg,"[""Comedy"", ""Drama"", ""War""]"
Cinema Paradiso,"A filmmaker recalls his childhood, when he fell in love with the movies at his village's theater and formed a deep friendship with the theater's projectionist.",http://ia.media-imdb.com/images/M/MV5BMjIzMTgzOTEwOF5BMl5BanBnXkFtZTgwNTUxNjcxMTE@.jpg,"[""Comedy"", ""Drama""]"
The Shining,"A family heads to an isolated hotel for the winter where an evil and spiritual presence influences the father into violence, while his psychic son s horrific forebodings from the past and of the future.",http://ia.media-imdb.com/images/M/MV5BODMxMjE3NTA4Ml5BMl5BanBnXkFtZTgwNDc0NTIxMDE@.jpg,"[""Horror""]"
Django Unchained,"With the help of a German bounty hunter, a freed slave sets out to rescue his wife from a brutal Mississippi plantation owner.",http://ia.media-imdb.com/images/M/MV5BMjIyNTQ5NjQ1OV5BMl5BanBnXkFtZTcwODg1MDU4OA@@.jpg,"[""Western""]"
Paths of Glory,"When soldiers in World War I refuse to continue with an impossible attack, their superior officers decide to make an example of them.",http://ia.media-imdb.com/images/M/MV5BMTUxNTcxMjI5NV5BMl5BanBnXkFtZTcwNTcyNjI3Mw@@.jpg,"[""Drama"", ""War""]"
The Dark Knight Rises,"Eight years after the Joker's reign of anarchy, the Dark Knight is forced to return from his imposed exile to save Gotham City from the brutal guerrilla terrorist Bane with the help of the enigmatic Catwoman.",http://ia.media-imdb.com/images/M/MV5BMTk4ODQzNDY3Ml5BMl5BanBnXkFtZTcwODA0NTM4Nw@@.jpg,"[""Action"", ""Thriller""]"
WALL·E,"In the distant future, a small waste collecting robot inadvertently embarks on a space journey that will ultimately decide the fate of mankind.",http://ia.media-imdb.com/images/M/MV5BMTczOTA3MzY2N15BMl5BanBnXkFtZTcwOTYwNjE2MQ@@.jpg,"[""Animation"", ""Adventure"", ""Family"", ""Sci-Fi""]"
American Beauty,A sexually frustrated suburban father has a mid-life crisis after becoming infatuated with his daughter's best friend.,http://ia.media-imdb.com/images/M/MV5BMjM4NTI5NzYyNV5BMl5BanBnXkFtZTgwNTkxNTYxMTE@.jpg,"[""Drama"", ""Romance""]"
Grave of the Fireflies,A tragic film covering a young boy and his little sister's struggle to survive in Japan during World War II.,http://ia.media-imdb.com/images/M/MV5BMTgyMzUwMTMxMl5BMl5BanBnXkFtZTgwODYyMDk2MjE@.jpg,"[""Animation"", ""Drama"", ""War""]"
Aliens,"The planet from Alien (1979) has been colonized, but contact is lost. This time, the rescue team has impressive firepower, but will it be enough?",http://ia.media-imdb.com/images/M/MV5BMTYzNzU5MzQ4OV5BMl5BanBnXkFtZTcwMDcxNDg3OA@@.jpg,"[""Action"", ""Sci-Fi"", ""Thriller""]"
North by Northwest,"A hapless New York advertising executive is mistaken for a government agent by a group of foreign spies, and is pursued across the country while he looks for a way to survive.",http://ia.media-imdb.com/images/M/MV5BMjQwMTQ0MzgwNl5BMl5BanBnXkFtZTgwNjc4ODE4MzE@.jpg,"[""Adventure"", ""Mystery"", ""Thriller""]"
Citizen Kane,"Following the death of a publishing tycoon, news reporters scramble to discover the meaning of his final utterance.",http://ia.media-imdb.com/images/M/MV5BMTQ2Mjc1MDQwMl5BMl5BanBnXkFtZTcwNzUyOTUyMg@@.jpg,"[""Drama"", ""Mystery""]"
Vertigo,"A retired San Francisco detective suffering from acrophobia investigates the strange activities of an old friend's wife, all the while becoming dangerously obsessed with her.",http://ia.media-imdb.com/images/M/MV5BNzY0NzQyNzQzOF5BMl5BanBnXkFtZTcwMTgwNTk4OQ@@.jpg,"[""Mystery"", ""Romance"", ""Thriller""]"
Oldeuboi,"After being kidnapped and imprisoned for 15 years, Oh Dae-Su is released, only to find that he must find his captor in 5 days.",http://ia.media-imdb.com/images/M/MV5BMTI3NTQyMzU5M15BMl5BanBnXkFtZTcwMTM2MjgyMQ@@.jpg,"[""Drama"", ""Mystery"", ""Thriller""]"
Princess Mononoke,"On a journey to find the cure for a Tatarigami's curse, Ashitaka finds himself in the middle of a war between the forest gods and Tatara, a mining colony. In this quest he also meets San, the Mononoke Hime.",http://ia.media-imdb.com/images/M/MV5BMjgzNTUwODQzN15BMl5BanBnXkFtZTcwMTc4ODE3OQ@@.jpg,"[""Animation"", ""Adventure"", ""Fantasy""]"
Das Boot,"The claustrophobic world of a WWII German U-boat; boredom, filth, and sheer terror.",http://ia.media-imdb.com/images/M/MV5BMjE5Mzk5OTQ0Nl5BMl5BanBnXkFtZTYwNzUwMTQ5.jpg,"[""Adventure"", ""Drama"", ""War""]"
M,"When the police in a German city are unable to catch a child-murderer, other criminals join in the manhunt.",http://ia.media-imdb.com/images/M/MV5BMTQyNjA5NzU5MV5BMl5BanBnXkFtZTgwMDk1MTA5MTE@.jpg,"[""Crime"", ""Drama"", ""Thriller""]"
Mad Max: Fury Road,"In a stark desert landscape where humanity is broken, two rebels just might be able to restore order: Max, a man of action and of few words, and Furiosa, a woman of action who is looking to make it back to her childhood homeland.",http://ia.media-imdb.com/images/M/MV5BMTUyMTE0ODcxNF5BMl5BanBnXkFtZTgwODE4NDQzNTE@.jpg,"[""Action"", ""Adventure"", ""Sci-Fi"", ""Thriller""]"
Amélie,"Amelie is an innocent and naive girl in Paris with her own sense of justice. She decides to help those around her and, along the way, discovers love.",http://ia.media-imdb.com/images/M/MV5BMTYzNjkxMTczOF5BMl5BanBnXkFtZTgwODg5NDc2MjE@.jpg,"[""Comedy"", ""Romance""]"
Star Wars: Episode VI - Return of the Jedi,"After rescuing Han Solo from the palace of Jabba the Hutt, the rebels attempt to destroy the second Death Star, while Luke struggles to make Vader return from the dark side of the Force.",http://ia.media-imdb.com/images/M/MV5BMTQ0MzI1NjYwOF5BMl5BanBnXkFtZTgwODU3NDU2MTE@.jpg,"[""Action"", ""Adventure"", ""Fantasy"", ""Sci-Fi""]"
Once Upon a Time in America,"A former Prohibition-era Jewish gangster returns to the Lower East Side of Manhattan over thirty years later, where he once again must confront the ghosts and regrets of his old life.",http://ia.media-imdb.com/images/M/MV5BNDMwMDcyODkzOV5BMl5BanBnXkFtZTcwNTQ1Njg3OA@@.jpg,"[""Crime"", ""Drama""]"
Toy Story 3,"The toys are mistakenly delivered to a day-care center instead of the attic right before Andy leaves for college, and it's up to Woody to convince the other toys that they weren't abandoned and to return home.",http://ia.media-imdb.com/images/M/MV5BMTgxOTY4Mjc0MF5BMl5BanBnXkFtZTcwNTA4MDQyMw@@.jpg,"[""Animation"", ""Adventure"", ""Comedy"", ""Family"", ""Fantasy""]"
Reservoir Dogs,"After a simple jewelery heist goes terribly wrong, the surviving criminals begin to suspect that one of them is a police informant.",http://ia.media-imdb.com/images/M/MV5BMTQxMTAwMDQ3Nl5BMl5BanBnXkFtZTcwODMwNTgzMQ@@.jpg,"[""Crime"", ""Drama""]"
Braveheart,"When his secret bride is executed for assaulting an English soldier who tried to rape her, William Wallace begins a revolt and leads Scottish warriors against the cruel English tyrant who rules Scotland with an iron fist.",http://ia.media-imdb.com/images/M/MV5BNjA4ODYxMDU3Nl5BMl5BanBnXkFtZTcwMzkzMTk3OA@@.jpg,"[""Biography"", ""Drama"", ""History"", ""War""]"
Witness for the Prosecution,Leonard Vole is arrested on suspicion of murdering an elderly acquaintance. He employs an experienced but aging barrister as his defense attorney.,http://ia.media-imdb.com/images/M/MV5BMTc0MjgyNTUyNF5BMl5BanBnXkFtZTcwNDQzMDg0Nw@@.jpg,"[""Drama"", ""Mystery"", ""Thriller""]"
A Clockwork Orange,"In future Britain, charismatic delinquent Alex DeLarge is jailed and volunteers for an experimental aversion therapy developed by the government in an effort to solve society's crime problem - but not all goes according to plan.",http://ia.media-imdb.com/images/M/MV5BMTY3MjM1Mzc4N15BMl5BanBnXkFtZTgwODM0NzAxMDE@.jpg,"[""Crime"", ""Drama"", ""Sci-Fi""]"
Double Indemnity,An insurance representative lets himself be talked into a murder/insurance fraud scheme that arouses an insurance investigator's suspicions.,http://ia.media-imdb.com/images/M/MV5BMTQzOTE4MTIzMV5BMl5BanBnXkFtZTgwODc1NDQ5MDE@.jpg,"[""Crime"", ""Drama"", ""Film-Noir"", ""Thriller""]"
Taxi Driver,"A mentally unstable Vietnam war veteran works as a night-time taxi driver in New York City where the perceived decadence and sleaze feeds his urge for violent action, attempting to save a preadolescent prostitute in the process.",http://ia.media-imdb.com/images/M/MV5BMTQ1Nzg3MDQwN15BMl5BanBnXkFtZTcwNDE2NDU2MQ@@.jpg,"[""Crime"", ""Drama""]"
Requiem for a Dream,The drug-induced utopias of four Coney Island people are shattered when their addictions become stronger.,http://ia.media-imdb.com/images/M/MV5BMzM2OTYwMTY4Nl5BMl5BanBnXkFtZTcwMjU1Njg3OA@@.jpg,"[""Drama""]"
To Kill a Mockingbird,"Atticus Finch, a lawyer in the Depression-era South, defends a black man against an undeserved rape charge, and his kids against prejudice.",http://ia.media-imdb.com/images/M/MV5BMjA4MzI1NDY2Nl5BMl5BanBnXkFtZTcwMTcyODc5Mw@@.jpg,"[""Drama""]"
Lawrence of Arabia,"Follows a brilliant, flamboyant and controversial British military figure and his conflicted loyalties during wartime service.",http://ia.media-imdb.com/images/M/MV5BMzAwMjM4NzA2OV5BMl5BanBnXkFtZTcwMDI0NzAwMQ@@.jpg,"[""Adventure"", ""Biography"", ""Drama"", ""History"", ""War""]"
Eternal Sunshine of the Spotless Mind,"When their relationship turns sour, a couple undergoes a procedure to have each other erased from their memories. But it is only through the process of loss that they discover what they had to begin with.",http://ia.media-imdb.com/images/M/MV5BMTY4NzcwODg3Nl5BMl5BanBnXkFtZTcwNTEwOTMyMw@@.jpg,"[""Drama"", ""Romance"", ""Sci-Fi""]"
Full Metal Jacket,A pragmatic U.S. Marine observes the dehumanizing effects the U.S.-Vietnam War has on his fellow recruits from their brutal boot camp training to the bloody street fighting in Hue.,http://ia.media-imdb.com/images/M/MV5BMjA4NzY4ODk4Nl5BMl5BanBnXkFtZTgwOTcxNTYxMTE@.jpg,"[""Drama"", ""War""]"
Bicycle Thieves,A man and his son search for a stolen bicycle vital for his job.,http://ia.media-imdb.com/images/M/MV5BMjIzMzAyMzg1Nl5BMl5BanBnXkFtZTgwMzMyNzk0MTE@.jpg,"[""Drama""]"
The Sting,"In Chicago in September 1936, a young con man king revenge for his murdered partner teams up with a master of the big con to win a fortune from a criminal banker.",http://ia.media-imdb.com/images/M/MV5BMTY5MjM1OTAyOV5BMl5BanBnXkFtZTgwMDkwODg4MDE@.jpg,"[""Comedy"", ""Crime"", ""Drama""]"
Singin' in the Rain,A silent film production company and cast make a difficult transition to sound.,http://ia.media-imdb.com/images/M/MV5BMTUxMTIyNTI4Nl5BMl5BanBnXkFtZTcwNTk1ODQyMg@@.jpg,"[""Comedy"", ""Musical"", ""Romance""]"
Amadeus,"The incredible story of Wolfgang Amadeus Mozart, told by his peer and secret rival Antonio Salieri - now confined to an insane asylum.",http://ia.media-imdb.com/images/M/MV5BMTg5NDkwMTk5N15BMl5BanBnXkFtZTYwODg3MDk2.jpg,"[""Biography"", ""Drama"", ""Music""]"
Monty Python and the Holy Grail,"King Arthur and his knights embark on a low-budget search for the Grail, encountering many very silly obstacles.",http://ia.media-imdb.com/images/M/MV5BMTkzODczMTgwM15BMl5BanBnXkFtZTYwNTAwODI5.jpg,"[""Adventure"", ""Comedy"", ""Fantasy""]"
Snatch.,"Unscrupulous boxing promoters, violent bookmakers, a Russian gangster, incompetent amateur robbers, and supposedly Jewish jewelers fight to track down a priceless stolen diamond.",http://ia.media-imdb.com/images/M/MV5BMTk5NzE0MDQyNl5BMl5BanBnXkFtZTcwNzk4Mjk3OA@@.jpg,"[""Comedy"", ""Crime""]"
2001: A Space Odyssey,"Humanity finds a mysterious, obviously artificial, object buried beneath the Lunar surface and, with the intelligent computer H.A.L. 9000, sets off on a quest.",http://ia.media-imdb.com/images/M/MV5BNDYyMDgxNDQ5Nl5BMl5BanBnXkFtZTcwMjc1ODg3OA@@.jpg,"[""Mystery"", ""Sci-Fi""]"
For a Few Dollars More,"Two bounty hunters with the same intentions, team up to track down a Western outlaw.",http://ia.media-imdb.com/images/M/MV5BMTQzMjIzOTEzMF5BMl5BanBnXkFtZTcwMTUzNTk3NA@@.jpg,"[""Western""]"
All About Eve,An ingenue insinuates herself in to the company of an established but aging stage actress and her circle of theater friends.,http://ia.media-imdb.com/images/M/MV5BMTY2MTAzODI5NV5BMl5BanBnXkFtZTgwMjM4NzQ0MjE@.jpg,"[""Drama""]"
The Kid,"The Tramp cares for an abandoned child, but events put that relationship in jeopardy.",http://ia.media-imdb.com/images/M/MV5BMTkzNTgxMDU1OF5BMl5BanBnXkFtZTgwOTQ3MjI2MzE@.jpg,"[""Comedy"", ""Drama"", ""Family""]"
L.A. Confidential,"As corruption grows in 1950s LA, three policemen - one strait-laced, one brutal, and one sleazy - investigate a series of murders with their own brand of justice.",http://ia.media-imdb.com/images/M/MV5BMTQ5MTU4MzQ5NF5BMl5BanBnXkFtZTcwMjY1OTM2MQ@@.jpg,"[""Crime"", ""Drama"", ""Mystery"", ""Thriller""]"
Rashômon,A heinous crime and its aftermath are recalled from differing points of view.,http://ia.media-imdb.com/images/M/MV5BMjEzMzA4NDE2OF5BMl5BanBnXkFtZTcwNTc5MDI2NQ@@.jpg,"[""Crime"", ""Drama"", ""Mystery""]"
The Apartment,"A man tries to rise in his company by letting its executives use his apartment for trysts, but complications and a romance of his own ensue.",http://ia.media-imdb.com/images/M/MV5BMTM1OTc4MzgzNl5BMl5BanBnXkFtZTcwNTE2NjgyMw@@.jpg,"[""Comedy"", ""Drama"", ""Romance""]"
Toy Story,A cowboy doll is profoundly threatened and jealous when a new spaceman figure supplants him as top toy in a boy's room.,http://ia.media-imdb.com/images/M/MV5BMTgwMjI4MzU5N15BMl5BanBnXkFtZTcwMTMyNTk3OA@@.jpg,"[""Animation"", ""Adventure"", ""Comedy"", ""Family"", ""Fantasy""]"
Inglourious Basterds,"In Nazi-occupied France during World War II, a plan to assassinate Nazi leaders by a group of Jewish U.S. soldiers coincides with a theatre owner's vengeful plans for the same.",http://ia.media-imdb.com/images/M/MV5BMjIzMDI4MTUzOV5BMl5BanBnXkFtZTcwNDY3NjA3Mg@@.jpg,"[""Adventure"", ""Drama"", ""War""]"
The Treasure of the Sierra Madre,"Fred Dobbs and Bob Curtin, two Americans searching for work in Mexico, convince an old prospector to help them mine for gold in the Sierra Madre Mountains.",http://ia.media-imdb.com/images/M/MV5BMTQ4MzUzOTYwOV5BMl5BanBnXkFtZTgwNDA4MzgyMjE@.jpg,"[""Action"", ""Adventure"", ""Drama"", ""Western""]"
Jodaeiye Nader az Simin,A married couple are faced with a difficult decision - to improve the life of their child by moving to another country or to stay in Iran and look after a deteriorating parent who has Alzheimer's disease.,http://ia.media-imdb.com/images/M/MV5BMTYzMzU4NDUwOF5BMl5BanBnXkFtZTcwMTM5MjA5Ng@@.jpg,"[""Drama""]"
Indiana Jones and the Last Crusade,"When Dr. Henry Jones Sr. suddenly goes missing while pursuing the Holy Grail, eminent archaeologist Indiana Jones must follow in his father's footsteps and stop the Nazis.",http://ia.media-imdb.com/images/M/MV5BMTQxMTUyODg2OF5BMl5BanBnXkFtZTcwNDM2MjAxNA@@.jpg,"[""Action"", ""Adventure""]"
The Third Man,"Pulp novelist Holly Martins travels to shadowy, postwar Vienna, only to find himself investigating the mysterious death of an old friend, black-market opportunist Harry Lime.",http://ia.media-imdb.com/images/M/MV5BMjMwNzMzMTQ0Ml5BMl5BanBnXkFtZTgwNjExMzUwNjE@.jpg,"[""Film-Noir"", ""Mystery"", ""Thriller""]"
Metropolis,"In a futuristic city sharply divided between the working class and the city planners, the son of the city's mastermind falls in love with a working class prophet who predicts the coming of a savior to mediate their differences.",http://ia.media-imdb.com/images/M/MV5BNDAzNTkyODg1MF5BMl5BanBnXkFtZTgwMDA3NDkwMDE@.jpg,"[""Drama"", ""Sci-Fi""]"
Yojimbo,A crafty ronin comes to a town divided by two criminal gangs and decides to play them against each other to free the town.,http://ia.media-imdb.com/images/M/MV5BMjAwNTQ3ODUyMl5BMl5BanBnXkFtZTgwNDg5ODQyNjE@.jpg,"[""Drama""]"
Some Like It Hot,"When two musicians witness a mob hit, they flee the state in an all female band disguised as women, but further complications set in.",http://ia.media-imdb.com/images/M/MV5BNzYzMDkzNDQ0N15BMl5BanBnXkFtZTcwNzQ0NDQyNA@@.jpg,"[""Comedy""]"
Batman Begins,"After training with his mentor, Batman begins his war on crime to free the crime-ridden Gotham City from corruption that the Scarecrow and the League of Shadows have cast upon it.",http://ia.media-imdb.com/images/M/MV5BNTM3OTc0MzM2OV5BMl5BanBnXkFtZTYwNzUwMTI3.jpg,"[""Action"", ""Adventure""]"
Scarface,"In 1980 Miami, a determined Cuban immigrant takes over a drug cartel while succumbing to greed.",http://ia.media-imdb.com/images/M/MV5BMjAzOTM4MzEwNl5BMl5BanBnXkFtZTgwMzU1OTc1MDE@.jpg,"[""Crime"", ""Drama""]"
Unforgiven,"Retired Old West gunslinger William Munny reluctantly takes on one last job, with the help of his old partner and a young man.",http://ia.media-imdb.com/images/M/MV5BMTkzNTc0NDc4OF5BMl5BanBnXkFtZTcwNTY1ODg3OA@@.jpg,"[""Western""]"
Up,"Seventy-eight year old Carl Fredricksen travels to Paradise Falls in his home equipped with balloons, inadvertently taking a young stowaway.",http://ia.media-imdb.com/images/M/MV5BMTk3NDE2NzI4NF5BMl5BanBnXkFtZTgwNzE1MzEyMTE@.jpg,"[""Animation"", ""Adventure"", ""Comedy"", ""Family""]"
3 Idiots,"Two friends are searching for their long lost companion. They revisit their college days and recall the memories of their friend who inspired them to think differently, even as the rest of the world called them ""idiots"".",http://ia.media-imdb.com/images/M/MV5BMTMyOTg0ODQ1OF5BMl5BanBnXkFtZTcwNjc0NTMwNQ@@.jpg,"[""Comedy"", ""Drama""]"
Raging Bull,"An emotionally self-destructive boxer's journey through life, as the violence and temper that leads him to the top in the ring, destroys his life outside it.",http://ia.media-imdb.com/images/M/MV5BMjIxOTg3OTc5MF5BMl5BanBnXkFtZTcwNzkwNjMwNA@@.jpg,"[""Biography"", ""Drama"", ""Sport""]"
Downfall,"Traudl Junge, the final secretary for Adolf Hitler, tells of the Nazi dictator's final days in his Berlin bunker at the end of WWII.",http://ia.media-imdb.com/images/M/MV5BMTM1OTI1MjE2Nl5BMl5BanBnXkFtZTcwMTEwMzc4NA@@.jpg,"[""Biography"", ""Drama"", ""History"", ""War""]"
Chinatown,"A private detective hired to expose an adulterer finds himself caught up in a web of deceit, corruption and murder.",http://ia.media-imdb.com/images/M/MV5BMTUyMTQ1NjA2OV5BMl5BanBnXkFtZTcwODQ1Njg3OA@@.jpg,"[""Drama"", ""Mystery"", ""Thriller""]"
The Great Escape,Allied P.O.W.s plan for several hundred of their number to escape from a German camp during World War II.,http://ia.media-imdb.com/images/M/MV5BMjI2MTQwNDI3Nl5BMl5BanBnXkFtZTcwNDk4MTkzNA@@.jpg,"[""Adventure"", ""Drama"", ""History"", ""War""]"
Die Hard,"John McClane, officer of the NYPD, tries to save wife Holly Gennaro and several others, taken hostage by German terrorist Hans Gruber during a Christmas party at the Nakatomi Plaza in Los Angeles.",http://ia.media-imdb.com/images/M/MV5BMTY4ODM0OTc2M15BMl5BanBnXkFtZTcwNzE0MTk3OA@@.jpg,"[""Action"", ""Thriller""]"
Jagten,"A teacher lives a lonely life, all the while struggling over his son's custody. His life slowly gets better as he finds love and receives good news from his son, but his new luck is about to be brutally shattered by an innocent little lie.",http://ia.media-imdb.com/images/M/MV5BMTg2NDg3ODg4NF5BMl5BanBnXkFtZTcwNzk3NTc3Nw@@.jpg,"[""Drama""]"
On the Waterfront,An ex-prize fighter turned longshoreman struggles to stand up to his corrupt union bosses.,http://ia.media-imdb.com/images/M/MV5BMTcwMTU3MjI1OV5BMl5BanBnXkFtZTgwNjE2OTI3MjE@.jpg,"[""Crime"", ""Drama""]"
Good Will Hunting,"Will Hunting, a janitor at M.I.T., has a gift for mathematics, but needs help from a psychologist to find direction in his life.",http://ia.media-imdb.com/images/M/MV5BMTk0NjY0Mzg5MF5BMl5BanBnXkFtZTcwNzM1OTM2MQ@@.jpg,"[""Drama""]"
Heat,A group of professional bank robbers start to feel the heat from police when they unknowingly leave a clue at their latest heist.,http://ia.media-imdb.com/images/M/MV5BMTM1NDc4ODkxNV5BMl5BanBnXkFtZTcwNTI4ODE3MQ@@.jpg,"[""Action"", ""Crime"", ""Drama"", ""Thriller""]"
Pan's Labyrinth,"In the falangist Spain of 1944, the bookish young stepdaughter of a sadistic army officer escapes into an eerie but captivating fantasy world.",http://ia.media-imdb.com/images/M/MV5BMTU3ODg2NjQ5NF5BMl5BanBnXkFtZTcwMDEwODgzMQ@@.jpg,"[""Drama"", ""Fantasy"", ""War""]"
Mr. Smith Goes to Washington,"A naive man is appointed to fill a vacancy in the US Senate. His plans promptly collide with political corruption, but he doesn't back down.",http://ia.media-imdb.com/images/M/MV5BMjAwMzU5ODkwNF5BMl5BanBnXkFtZTcwNTg4Mjk3OA@@.jpg,"[""Drama""]"
The Bridge on the River Kwai,"After settling his differences with a Japanese PoW camp commander, a British colonel co-operates to over his men's construction of a railway bridge for their captors - while oblivious to a plan by the Allies to destroy it.",http://ia.media-imdb.com/images/M/MV5BMTc2NzA0NTEwNF5BMl5BanBnXkFtZTcwMzA0MTk3OA@@.jpg,"[""Adventure"", ""Drama"", ""War""]"
My Neighbor Totoro,"When two girls move to the country to be near their ailing mother, they have adventures with the wonderous forest spirits who live nearby.",http://ia.media-imdb.com/images/M/MV5BMjE3NzY5ODQwMV5BMl5BanBnXkFtZTcwNzY1NzcxNw@@.jpg,"[""Animation"", ""Family"", ""Fantasy""]"
Ikiru,A bureaucrat tries to find a meaning in his life after he discovers he has terminal cancer.,http://ia.media-imdb.com/images/M/MV5BMTcyMDU0MTQzNV5BMl5BanBnXkFtZTcwOTk2NDQyMQ@@.jpg,"[""Drama""]"
Ran,"An elderly lord abdicates to his three sons, and the two corrupt ones turn against him.",http://ia.media-imdb.com/images/M/MV5BMjA0Nzg0NzUzNV5BMl5BanBnXkFtZTcwNzkzNjk3OA@@.jpg,"[""Action"", ""Drama"", ""War""]"
The Seventh Seal,"A man ks answers about life, death, and the existence of God as he plays chess against the Grim Reaper during the Black Plague.",http://ia.media-imdb.com/images/M/MV5BMTUzODUyNjkxM15BMl5BanBnXkFtZTcwODA5MTM1Mg@@.jpg,"[""Drama"", ""Fantasy""]"
The Gold Rush,A prospector goes to the Klondike in search of gold and finds it and .,http://ia.media-imdb.com/images/M/MV5BMzYzMDQyNzA4NV5BMl5BanBnXkFtZTYwNDU5NDU5.jpg,"[""Adventure"", ""Comedy"", ""Drama""]"
The General,"When Union spies steal an engineer's beloved locomotive, he pursues it single-handedly and straight through enemy lines.",http://ia.media-imdb.com/images/M/MV5BODQxMzMyNTY5Nl5BMl5BanBnXkFtZTcwMDMyNTk3OA@@.jpg,"[""Action"", ""Adventure"", ""Comedy"", ""Romance"", ""War""]"
Wild Strawberries,"After living a life marked by coldness, an aging professor is forced to confront the emptiness of his existence.",http://ia.media-imdb.com/images/M/MV5BMjgwNjI3NTM1MF5BMl5BanBnXkFtZTgwNzY3MTUyMjE@.jpg,"[""Drama""]"
Blade Runner,A blade runner must pursue and try to terminate four replicants who stole a ship in space and have returned to Earth to find their creator.,http://ia.media-imdb.com/images/M/MV5BMTA4MDQxNTk2NDheQTJeQWpwZ15BbWU3MDE2NjIyODk@.jpg,"[""Sci-Fi"", ""Thriller""]"
The Secret in Their Eyes,A retired legal counselor writes a novel hoping to find closure for one of his past unresolved homicide cases and for his unreciprocated love with his superior - both of which still haunt him decades later.,http://ia.media-imdb.com/images/M/MV5BMTgwNTI3OTczOV5BMl5BanBnXkFtZTcwMTM3MTUyMw@@.jpg,"[""Drama"", ""Mystery"", ""Thriller""]"
"Lock, Stock and Two Smoking Barrels","A botched card game in London triggers four friends, thugs, weed-growers, hard gangsters, loan sharks and debt collectors to collide with each other in a series of unexpected events, all for the sake of weed, cash and two antique shotguns.",http://ia.media-imdb.com/images/M/MV5BMTU4MTM1MjUxMF5BMl5BanBnXkFtZTYwOTEzODY4.jpg,"[""Comedy"", ""Crime""]"
The Elephant Man,"A Victorian surgeon rescues a heavily disfigured man who is mistreated while scraping a living as a side-show freak. Behind his monstrous facade, there is revealed a person of intelligence and sensitivity.",http://ia.media-imdb.com/images/M/MV5BMTExNTk0MjIzNDZeQTJeQWpwZ15BbWU3MDY5ODI5Nzg@.jpg,"[""Biography"", ""Drama""]"
The Wolf of Wall Street,"Based on the true story of Jordan Belfort, from his rise to a wealthy stock-broker living the high life to his fall involving crime, corruption and the federal government.",http://ia.media-imdb.com/images/M/MV5BMjIxMjgxNTk0MF5BMl5BanBnXkFtZTgwNjIyOTg2MDE@.jpg,"[""Biography"", ""Comedy"", ""Crime"", ""Drama""]"
Casino,"Greed, deception, money, power, and murder occur between two mobster best friends and a trophy wife over a gambling empire.",http://ia.media-imdb.com/images/M/MV5BMTMzMjkwMTk4Nl5BMl5BanBnXkFtZTYwNjYxMjk5.jpg,"[""Biography"", ""Crime"", ""Drama""]"
Howl's Moving Castle,"When an unconfident young woman is cursed with an old body by a spiteful witch, her only chance of breaking the spell lies with a self-indulgent yet insecure young wizard and his companions in his legged, walking castle.",http://ia.media-imdb.com/images/M/MV5BMTY1OTg0MjE3MV5BMl5BanBnXkFtZTcwNTUxMTkyMQ@@.jpg,"[""Animation"", ""Adventure"", ""Family"", ""Fantasy"", ""Romance""]"
Warrior,"The youngest son of an alcoholic former boxer returns home, where he's trained by his father for competition in a mixed martial arts tournament - a path that puts the fighter on a collision course with his estranged, older brother.",http://ia.media-imdb.com/images/M/MV5BMTk4ODk5MTMyNV5BMl5BanBnXkFtZTcwMDMyNTg0Ng@@.jpg,"[""Drama"", ""Sport""]"
Gran Torino,"Disgruntled Korean War veteran Walt Kowalski sets out to reform his neighbor, a Hmong teenager who tried to steal Kowalski's prized possession: a 1972 Gran Torino.",http://ia.media-imdb.com/images/M/MV5BMTQyMTczMTAxMl5BMl5BanBnXkFtZTcwOTc1ODE0Mg@@.jpg,"[""Drama""]"
The Big Lebowski,"""The Dude"" Lebowski, mistaken for a millionaire Lebowski, ks restitution for his ruined rug and enlists his bowling buddies to help get it.",http://ia.media-imdb.com/images/M/MV5BMTQ0NjUzMDMyOF5BMl5BanBnXkFtZTgwODA1OTU0MDE@.jpg,"[""Comedy"", ""Crime""]"
V for Vendetta,"In a future British tyranny, a shadowy freedom fighter, known only by the alias of ""V"", plots to overthrow it with the help of a young woman.",http://ia.media-imdb.com/images/M/MV5BOTI5ODc3NzExNV5BMl5BanBnXkFtZTcwNzYxNzQzMw@@.jpg,"[""Action"", ""Drama"", ""Thriller""]"
Rebecca,A self-conscious bride is tormented by the memory of her husband's dead first wife.,http://ia.media-imdb.com/images/M/MV5BMTM5ODA4ODMzM15BMl5BanBnXkFtZTcwOTA2NTEwNA@@.jpg,"[""Mystery"", ""Thriller""]"
Judgment at Nuremberg,"In 1948, an American court in occupied Germany tries four Nazi judges for war crimes.",http://ia.media-imdb.com/images/M/MV5BNDc2ODQ5NTE2MV5BMl5BanBnXkFtZTcwODExMjUyNA@@.jpg,"[""Drama"", ""History"", ""War""]"
The Deer Hunter,An in-depth examination of the ways in which the U.S. Vietnam war impacts and disrupts the lives of people in a small industrial town in Pennsylvania.,http://ia.media-imdb.com/images/M/MV5BMTk3MTQzMDUwMF5BMl5BanBnXkFtZTgwMTUxNzYxMTE@.jpg,"[""Drama"", ""War""]"
Cool Hand Luke,A man refuses to conform to life in a rural prison.,http://ia.media-imdb.com/images/M/MV5BODMyMDA0MTY2OF5BMl5BanBnXkFtZTcwMzkzNjk3OA@@.jpg,"[""Crime"", ""Drama""]"
How to Train Your Dragon,"A hapless young Viking who aspires to hunt dragons becomes the unlikely friend of a young dragon himself, and learns there may be  to the creatures than he assumed.",http://ia.media-imdb.com/images/M/MV5BMjA5NDQyMjc2NF5BMl5BanBnXkFtZTcwMjg5ODcyMw@@.jpg,"[""Animation"", ""Adventure"", ""Family"", ""Fantasy""]"
A Beautiful Mind,"After a brilliant but asocial mathematician, [link=nm1171285], accepts secret work in cryptography, his life takes a turn for the nightmarish.",http://ia.media-imdb.com/images/M/MV5BMTQ4MDI2MzkwMl5BMl5BanBnXkFtZTYwMjk0NTA5.jpg,"[""Biography"", ""Drama""]"
Fargo,Jerry Lundegaard's inept crime falls apart due to his and his henchmen's bungling and the persistent police work of the quite pregnant Marge Gunderson.,http://ia.media-imdb.com/images/M/MV5BMTgxNzY3MzUxOV5BMl5BanBnXkFtZTcwMDA0NjMyNA@@.jpg,"[""Crime"", ""Drama"", ""Thriller""]"
Gone with the Wind,A manipulative Southern belle carries on a turbulent affair with a blockade runner during the American Civil War.,http://ia.media-imdb.com/images/M/MV5BNDUwMjAxNTU1MF5BMl5BanBnXkFtZTgwMzg4NzMxMDE@.jpg,"[""Drama"", ""Romance"", ""War""]"
Gone Girl,"With his wife's disappearance having become the focus of an intense media circus, a man s the spotlight turned on him when it's suspected that he may not be innocent.",http://ia.media-imdb.com/images/M/MV5BMTk0MDQ3MzAzOV5BMl5BanBnXkFtZTgwNzU1NzE3MjE@.jpg,"[""Drama"", ""Mystery"", ""Thriller""]"
It Happened One Night,"A spoiled heiress, running away from her family, is helped by a man who is actually a reporter in need of a story.",http://ia.media-imdb.com/images/M/MV5BMTczOTQ1MTQ4MF5BMl5BanBnXkFtZTcwODI2MDk4OQ@@.jpg,"[""Comedy"", ""Romance""]"
Trainspotting,"Renton, deeply immersed in the Edinburgh drug scene, tries to clean up and get out, despite the allure of the drugs and influence of friends.",http://ia.media-imdb.com/images/M/MV5BMTg2MzcxNTY3NV5BMl5BanBnXkFtZTgwOTQ5NDQxMDE@.jpg,"[""Drama""]"
Into the Wild,"After graduating from Emory University, top student and athlete Christopher McCandless abandons his possessions, gives his entire $24,000 savings account to charity and hitchhikes to Alaska to live in the wilderness. Along the way, Christopher encounters a series of characters that shape his life.",http://ia.media-imdb.com/images/M/MV5BMTAwNDEyODU1MjheQTJeQWpwZ15BbWU2MDc3NDQwNw@@.jpg,"[""Adventure"", ""Biography"", ""Drama""]"
Dial M for Murder,"An ex-tennis pro carries out a plot to murder his wife. When things go wrong, he improvises a brilliant plan B.",http://ia.media-imdb.com/images/M/MV5BMTMwNzc1MzM2M15BMl5BanBnXkFtZTYwNDUxNDU2.jpg,"[""Crime"", ""Thriller""]"
Rush,The merciless 1970s rivalry between Formula One rivals James Hunt and Niki Lauda.,http://ia.media-imdb.com/images/M/MV5BMTQyMDE0MTY0OV5BMl5BanBnXkFtZTcwMjI2OTI0OQ@@.jpg,"[""Action"", ""Biography"", ""Drama"", ""Sport""]"
The Maltese Falcon,"A private detective takes on a case that involves him with three eccentric criminals, a gorgeous liar, and their quest for a priceless statuette.",http://ia.media-imdb.com/images/M/MV5BMTc4MDEzOTMwMl5BMl5BanBnXkFtZTgwMTc2NjgyMjE@.jpg,"[""Crime"", ""Drama"", ""Film-Noir"", ""Mystery""]"
The Sixth Sense,A boy who communicates with spirits that don't know they're dead ks the help of a disheartened child psychologist.,http://ia.media-imdb.com/images/M/MV5BMTc2MTQxNDI5MV5BMl5BanBnXkFtZTYwNjkzMDc4.jpg,"[""Drama"", ""Mystery"", ""Thriller""]"
Finding Nemo,"After his son is captured in the Great Barrier Reef and taken to Sydney, a timid clownfish sets out on a journey to bring him home.",http://ia.media-imdb.com/images/M/MV5BMTY1MTg1NDAxOV5BMl5BanBnXkFtZTcwMjg1MDI5Nw@@.jpg,"[""Animation"", ""Adventure"", ""Comedy"", ""Family""]"
Mary and Max,"A tale of friendship between two unlikely pen pals: Mary, a lonely, eight-year-old girl living in the suburbs of Melbourne, and Max, a forty-four-year old, severely obese man living in New York.",http://ia.media-imdb.com/images/M/MV5BMTQ1NDIyNTA1Nl5BMl5BanBnXkFtZTcwMjc2Njk3OA@@.jpg,"[""Animation"", ""Comedy"", ""Drama""]"
No Country for Old Men,Violence and mayhem ensue after a hunter stumbles upon a drug deal gone wrong and  than two million dollars in cash near the Rio Grande.,http://ia.media-imdb.com/images/M/MV5BMjA5Njk3MjM4OV5BMl5BanBnXkFtZTcwMTc5MTE1MQ@@.jpg,"[""Crime"", ""Drama"", ""Thriller""]"
The Thing,Scientists in the Antarctic are confronted by a shape-shifting alien that assumes the appearance of the people that it kills.,http://ia.media-imdb.com/images/M/MV5BMjE1OTIzMjUxNV5BMl5BanBnXkFtZTgwOTUwNzMxMDE@.jpg,"[""Horror"", ""Sci-Fi""]"
Hotel Rwanda,"The true story of Paul Rusesabagina, a hotel manager who housed over a thousand Tutsi refugees during their struggle against the Hutu militia in Rwanda.",http://ia.media-imdb.com/images/M/MV5BMTI2MzQyNTc1M15BMl5BanBnXkFtZTYwMjExNjc3.jpg,"[""Drama"", ""History"", ""War""]"
The Wages of Fear,"In a decrepit South American village, men are hired to transport an urgent nitroglycerine shipment without the equipment that would make it safe.",http://ia.media-imdb.com/images/M/MV5BMTQ5MzkyNDgyMF5BMl5BanBnXkFtZTgwODg2MTMzMjE@.jpg,"[""Adventure"", ""Drama"", ""Thriller""]"
Kill Bill: Vol. 1,The Bride wakens from a four-year coma. The child she carried in her womb is gone. Now she must wreak vengeance on the team of assassins who betrayed her - a team she was once part of.,http://ia.media-imdb.com/images/M/MV5BMTU1NDg1Mzg4M15BMl5BanBnXkFtZTYwMDExOTc3.jpg,"[""Action""]"
Incendies,"Twins journey to the Middle East to discover their family history, and fulfill their mother's last wishes.",http://ia.media-imdb.com/images/M/MV5BMTg4MzA0NjI5OF5BMl5BanBnXkFtZTcwNTUwMzQzNg@@.jpg,"[""Drama"", ""Mystery"", ""War""]"
Platoon,A young recruit in Vietnam faces a moral crisis when confronted with the horrors of war and the duality of man.,http://ia.media-imdb.com/images/M/MV5BNTU3NzY4ODY5MF5BMl5BanBnXkFtZTcwOTkzNzE1NA@@.jpg,"[""Drama"", ""War""]"
Life of Brian,"Brian is born on the original Christmas, in the stable next door. He spends his life being mistaken for a messiah.",http://ia.media-imdb.com/images/M/MV5BMTM2NjQ4NDA0MV5BMl5BanBnXkFtZTcwMjM0Njk3OA@@.jpg,"[""Comedy""]"
Butch Cassidy and the Sundance Kid,Two Western bank/train robbers flee to Bolivia when the law gets too close.,http://ia.media-imdb.com/images/M/MV5BMTkyMTM2NDk5Nl5BMl5BanBnXkFtZTgwNzY1NzEyMDE@.jpg,"[""Biography"", ""Crime"", ""Western""]"
Network,A television network cynically exploits a deranged former anchor's ravings and revelations about the news media for its own profit.,http://ia.media-imdb.com/images/M/MV5BMTc1NjIyMDcxNl5BMl5BanBnXkFtZTgwMzU2MTUxMDE@.jpg,"[""Drama""]"
Touch of Evil,"A stark, perverse story of murder, kidnapping, and police corruption in a Mexican border town.",http://ia.media-imdb.com/images/M/MV5BMTY3NjIwMDY4M15BMl5BanBnXkFtZTgwODMwODgyMTE@.jpg,"[""Crime"", ""Film-Noir"", ""Thriller""]"
There Will Be Blood,"A story of family, religion, hatred, oil and madness, focusing on a turn-of-the-century prospector in the early days of the business.",http://ia.media-imdb.com/images/M/MV5BMjA0NjE1ODEyNV5BMl5BanBnXkFtZTcwNDIzMzE5NQ@@.jpg,"[""Drama""]"
The 400 Blows,"Moving story of a young boy who, left without attention, delves into a life of petty crime.",http://ia.media-imdb.com/images/M/MV5BMTQzNTMzOTA2Ml5BMl5BanBnXkFtZTgwNDQ2OTI3MjE@.jpg,"[""Crime"", ""Drama""]"
12 Years a Slave,"In the antebellum United States, Solomon Northup, a free black man from upstate New York, is abducted and sold into slavery.",http://ia.media-imdb.com/images/M/MV5BMjExMTEzODkyN15BMl5BanBnXkFtZTcwNTU4NTc4OQ@@.jpg,"[""Biography"", ""Drama"", ""History""]"
Stand by Me,"After the death of a friend, a writer recounts a boyhood journey to find the body of a missing boy.",http://ia.media-imdb.com/images/M/MV5BNDk2MTkyMTA1OF5BMl5BanBnXkFtZTcwOTc2Njk3OA@@.jpg,"[""Adventure"", ""Drama""]"
Persona,A nurse is put in charge of an actress who can't talk and finds that the actress's persona is melding with hers.,http://ia.media-imdb.com/images/M/MV5BMTc1OTgxNjYyNF5BMl5BanBnXkFtZTcwNjM2MjM2NQ@@.jpg,"[""Drama"", ""Mystery""]"
Annie Hall,Neurotic New York comedian Alvy Singer falls in love with the ditsy Annie Hall.,http://ia.media-imdb.com/images/M/MV5BMTU1NDM2MjkwM15BMl5BanBnXkFtZTcwODU3OTYwNA@@.jpg,"[""Comedy"", ""Drama"", ""Romance""]"
The Princess Bride,"While home sick in bed, a young boy's grandfather reads him a story called The Princess Bride.",http://ia.media-imdb.com/images/M/MV5BMTkzMDgyNjQwM15BMl5BanBnXkFtZTgwNTg2Mjc1MDE@.jpg,"[""Adventure"", ""Comedy"", ""Family"", ""Fantasy"", ""Romance""]"
The Grand Budapest Hotel,"The adventures of Gustave H, a legendary concierge at a famous hotel from the fictional Republic of Zubrowka between the first and second World Wars, and Zero Moustafa, the lobby boy who becomes his most trusted friend.",http://ia.media-imdb.com/images/M/MV5BMzM5NjUxOTEyMl5BMl5BanBnXkFtZTgwNjEyMDM0MDE@.jpg,"[""Adventure"", ""Comedy"", ""Drama""]"
Amores Perros,"A horrific car accident connects three stories, each involving characters dealing with loss, regret, and life's harsh realities, all in the name of love.",http://ia.media-imdb.com/images/M/MV5BMjIyNTA5MzQ5N15BMl5BanBnXkFtZTcwNjIyNTgxMQ@@.jpg,"[""Drama"", ""Thriller""]"
In the Name of the Father,A man's coerced confession to an IRA bombing he did not commit results in the imprisonment of his father as well. An English lawyer fights to free them.,http://ia.media-imdb.com/images/M/MV5BMTcwNjMyMzI0OV5BMl5BanBnXkFtZTgwMDU4NjkzMTE@.jpg,"[""Biography"", ""Drama"", ""History""]"
Million Dollar Baby,A determined woman works with a hardened boxing trainer to become a professional.,http://ia.media-imdb.com/images/M/MV5BMTkxNzA1NDQxOV5BMl5BanBnXkFtZTcwNTkyMTIzMw@@.jpg,"[""Drama"", ""Sport""]"
Ben-Hur,"When a Jewish prince is betrayed and sent into slavery by a Roman friend, he regains his freedom and comes back for revenge.",http://ia.media-imdb.com/images/M/MV5BNjg2NjA3NDY2OV5BMl5BanBnXkFtZTgwNzE3NTkxMTE@.jpg,"[""Adventure"", ""Drama"", ""History""]"
The Grapes of Wrath,"A poor Midwest family is forced off of their land. They travel to California, suffering the misfortunes of the homeless in the Great Depression.",http://ia.media-imdb.com/images/M/MV5BMzgzNjcxNjg2M15BMl5BanBnXkFtZTcwMjQxNDQ3Mg@@.jpg,"[""Drama""]"
Diabolique,"The wife of a cruel headmaster and his mistress conspire to kill him, but after the murder is committed, his body disappears, and strange events begin to plague the two women.",http://ia.media-imdb.com/images/M/MV5BMTcwNzc5MjI5Nl5BMl5BanBnXkFtZTYwNjIwMzc5.jpg,"[""Horror"", ""Mystery"", ""Thriller""]"
Sin City,"A film that explores the dark and miserable town, Basin City, and tells the story of three different people, all caught up in violent corruption.",http://ia.media-imdb.com/images/M/MV5BMTI2NjUyMDUyMV5BMl5BanBnXkFtZTcwMzU0OTkyMQ@@.jpg,"[""Crime"", ""Thriller""]"
Hachi: A Dog's Tale,A drama based on the true story of a college professor's bond with the abandoned dog he takes into his home.,http://ia.media-imdb.com/images/M/MV5BMTAxMDA2MjM4NDReQTJeQWpwZ15BbWU3MDE0NTgxMTM@.jpg,"[""Drama"", ""Family""]"
Nausicaä of the Valley of the Wind,Warrior/pacifist Princess Nausicaä desperately struggles to prevent two warring nations from destroying themselves and their dying planet.,http://ia.media-imdb.com/images/M/MV5BMTM1NjIxNTY4OF5BMl5BanBnXkFtZTcwNDE5MDIyNw@@.jpg,"[""Animation"", ""Adventure"", ""Fantasy"", ""Sci-Fi""]"
The Best Years of Our Lives,Three WWII veterans return home to small-town America to discover that they and their families have been irreparably changed.,http://ia.media-imdb.com/images/M/MV5BMTk1NTAxNzg3Nl5BMl5BanBnXkFtZTcwNjU4OTQwNw@@.jpg,"[""Drama"", ""Romance"", ""War""]"
The Wizard of Oz,Dorothy Gale is swept away to a magical land in a tornado and embarks on a quest to  the Wizard who can help her return home.,http://ia.media-imdb.com/images/M/MV5BMTU0MTA2OTIwNF5BMl5BanBnXkFtZTcwMzA0Njk3OA@@.jpg,"[""Adventure"", ""Family"", ""Fantasy"", ""Musical""]"
Stalker,A guide leads two men through an area known as the Zone to find a room that grants wishes.,http://ia.media-imdb.com/images/M/MV5BNDY2NjU0NDAxOF5BMl5BanBnXkFtZTgwNjQ4MTI2MTE@.jpg,"[""Drama"", ""Sci-Fi""]"
Shutter Island,A U.S Marshal investigates the disappearance of a murderess who escaped from a hospital for the criminally insane.,http://ia.media-imdb.com/images/M/MV5BMTMxMTIyNzMxMV5BMl5BanBnXkFtZTcwOTc4OTI3Mg@@.jpg,"[""Mystery"", ""Thriller""]"
Gandhi,The life of the lawyer who became the famed leader of the Indian revolts against the British rule through his philosophy of nonviolent protest.,http://ia.media-imdb.com/images/M/MV5BMTQyNTQ4MTAzNl5BMl5BanBnXkFtZTcwMjk2Njk3OA@@.jpg,"[""Biography"", ""Drama"", ""History""]"
8½,A harried movie director retreats into his memories and fantasies.,http://ia.media-imdb.com/images/M/MV5BMTQ4MTA0NjEzMF5BMl5BanBnXkFtZTgwMDg4NDYxMzE@.jpg,"[""Drama""]"
The Bourne Ultimatum,Jason Bourne dodges a ruthless CIA official and his agents from a new assassination program while searching for the origins of his life as a trained killer.,http://ia.media-imdb.com/images/M/MV5BMTgzNjMwOTM3N15BMl5BanBnXkFtZTcwMzA5MDY0MQ@@.jpg,"[""Action"", ""Thriller""]"
Donnie Darko,"A troubled teenager is plagued by visions of a large bunny rabbit that manipulates him to commit a series of crimes, after narrowly escaping a bizarre accident.",http://ia.media-imdb.com/images/M/MV5BMTczMzE4Nzk3N15BMl5BanBnXkFtZTcwNDg5Mjc4NA@@.jpg,"[""Drama"", ""Mystery"", ""Sci-Fi""]"
Strangers on a Train,A psychotic socialite confronts a pro tennis star with a theory on how two complete strangers can get away with murder...a theory that he plans to implement.,http://ia.media-imdb.com/images/M/MV5BMTcwNzk0MTQxMF5BMl5BanBnXkFtZTcwNjM5NTIwNA@@.jpg,"[""Crime"", ""Film-Noir"", ""Thriller""]"
The Avengers,Earth's mightiest heroes must come together and learn to fight as a team if they are to stop the mischievous Loki and his alien army from enslaving humanity.,http://ia.media-imdb.com/images/M/MV5BMTk2NTI1MTU4N15BMl5BanBnXkFtZTcwODg0OTY0Nw@@.jpg,"[""Action"", ""Adventure"", ""Sci-Fi""]"
Throne of Blood,"A war-hardened general, egged on by his ambitious wife, works to fulfill a prophecy that he would become lord of Spider's Web Castle.",http://ia.media-imdb.com/images/M/MV5BMTM1MTk2NDIzOV5BMl5BanBnXkFtZTcwMTA5ODQxMQ@@.jpg,"[""Action"", ""Drama""]"
Twelve Monkeys,"In a future world devastated by disease, a convict is sent back in time to gather information about the man-made virus that wiped out most of the human population on the planet.",http://ia.media-imdb.com/images/M/MV5BMjI4MDIxNjk2Ml5BMl5BanBnXkFtZTcwMTA3Njk3OA@@.jpg,"[""Mystery"", ""Sci-Fi"", ""Thriller""]"
Before Sunrise,"A young man and woman meet on a train in Europe, and wind up spending one evening together in Vienna. Unfortunately, both know that this will probably be their only night together.",http://ia.media-imdb.com/images/M/MV5BMTQyMTM3MTQxMl5BMl5BanBnXkFtZTcwMDAzNjQ4Mg@@.jpg,"[""Drama"", ""Romance""]"
Guardians of the Galaxy,A group of intergalactic criminals are forced to work together to stop a fanatical warrior from taking control of the universe.,http://ia.media-imdb.com/images/M/MV5BMTAwMjU5OTgxNjZeQTJeQWpwZ15BbWU4MDUxNDYxODEx.jpg,"[""Action"", ""Adventure"", ""Sci-Fi""]"
The Battle of Algiers,"In the 1950s, fear and violence escalate as the people of Algiers fight for independence from the French government.",http://ia.media-imdb.com/images/M/MV5BMTIzMjI1OTQxNV5BMl5BanBnXkFtZTcwMzc3NTYyMQ@@.jpg,"[""Drama"", ""History"", ""War""]"
Infernal Affairs,"A story between a mole in the police department and an undercover cop. Their objectives are the same: to find out who is the mole, and who is the cop.",http://ia.media-imdb.com/images/M/MV5BMTc0Mjg2OTY3OV5BMl5BanBnXkFtZTcwNDA3Njk3OA@@.jpg,"[""Crime"", ""Mystery"", ""Thriller""]"
Fanny and Alexander,"Two young Swedish children experience the many comedies and tragedies of their family, the Ekdahls.",http://ia.media-imdb.com/images/M/MV5BOTUyODUwNjc0NV5BMl5BanBnXkFtZTcwMTk0MTcyMQ@@.jpg,"[""Drama""]"
Jurassic Park,"During a preview tour, a theme park suffers a major power breakdown that allows its cloned dinosaur exhibits to run amok.",http://ia.media-imdb.com/images/M/MV5BMjM2MDgxMDg0Nl5BMl5BanBnXkFtZTgwNTM2OTM5NDE@.jpg,"[""Adventure"", ""Sci-Fi"", ""Thriller""]"
Jaws,"When a gigantic great white shark begins to menace the small island community of Amity, a police chief, a marine scientist and grizzled fisherman set out to stop it.",http://ia.media-imdb.com/images/M/MV5BNDcxODkyMjY4MF5BMl5BanBnXkFtZTgwOTk5NTc5MDE@.jpg,"[""Adventure"", ""Drama"", ""Thriller""]"
The Terminator,"A human-looking indestructible cyborg is sent from 2029 to 1984 to assassinate a waitress, whose unborn son will lead humanity in a war against the machines, while a soldier from that war is sent to protect her at all costs.",http://ia.media-imdb.com/images/M/MV5BODE1MDczNTUxOV5BMl5BanBnXkFtZTcwMTA0NDQyNA@@.jpg,"[""Action"", ""Sci-Fi""]"
Relatos salvajes,Six short stories involving distressed people.,http://ia.media-imdb.com/images/M/MV5BNzAzMjA1ODAxOV5BMl5BanBnXkFtZTgwODg4NTQzNDE@.jpg,"[""Comedy"", ""Drama"", ""Thriller""]"
Groundhog Day,A weatherman finds himself living the same day over and over again.,http://ia.media-imdb.com/images/M/MV5BMTU0MzQyNTExMV5BMl5BanBnXkFtZTgwMjA0Njk1MDE@.jpg,"[""Comedy"", ""Romance""]"
Memories of Murder,"In 1986, in the province of Gyunggi, in South Korea, a second young and beautiful woman is found dead...",http://ia.media-imdb.com/images/M/MV5BMTI5OTA5MTI3OF5BMl5BanBnXkFtZTcwMjQyNzYzMQ@@.jpg,"[""Crime"", ""Drama"", ""Mystery"", ""Thriller""]"
"Monsters, Inc.","In order to power the city, monsters have to scare children so that they scream. However, the children are toxic to the monsters, and after a child gets through, two monsters realize things may not be what they think.",http://ia.media-imdb.com/images/M/MV5BMTY1NTI0ODUyOF5BMl5BanBnXkFtZTgwNTEyNjQ0MDE@.jpg,"[""Animation"", ""Adventure"", ""Comedy"", ""Family"", ""Fantasy""]"
High Noon,"A marshall, personally compelled to face a returning deadly enemy, finds that his own town refuses to help him.",http://ia.media-imdb.com/images/M/MV5BMTMyNDA3NjU0Ml5BMl5BanBnXkFtZTcwMjA0NDU3NQ@@.jpg,"[""Drama"", ""Thriller"", ""Western""]"
Harry Potter and the Deathly Hallows: Part 2,"Harry, Ron and Hermione search for Voldemort's remaining Horcruxes in their effort to destroy the Dark Lord as the final battle rages on at Hogwarts.",http://ia.media-imdb.com/images/M/MV5BMTY2MTk3MDQ1N15BMl5BanBnXkFtZTcwMzI4NzA2NQ@@.jpg,"[""Adventure"", ""Drama"", ""Fantasy"", ""Mystery""]"
Barry Lyndon,An Irish rogue wins the heart of a rich widow and assumes her dead husband's aristocratic position in 18th-century England.,http://ia.media-imdb.com/images/M/MV5BMTczNzkyMjQ4N15BMl5BanBnXkFtZTcwOTQ2NjU4Mw@@.jpg,"[""Adventure"", ""Drama"", ""History"", ""War""]"
Rocky,"Rocky Balboa, a small-time boxer gets a supremely rare chance to fight the heavy-weight champion, Apollo Creed, in a bout in which he strives to go the distance for his self-respect.",http://ia.media-imdb.com/images/M/MV5BMTY5MDMzODUyOF5BMl5BanBnXkFtZTcwMTQ3NTMyNA@@.jpg,"[""Drama"", ""Sport""]"
The Imitation Game,"During World War II, mathematician Alan Turing tries to crack the enigma code with help from fellow mathematicians.",http://ia.media-imdb.com/images/M/MV5BNDkwNTEyMzkzNl5BMl5BanBnXkFtZTgwNTAwNzk3MjE@.jpg,"[""Biography"", ""Drama"", ""Thriller"", ""War""]"
The King's Speech,"The story of King George VI of the United Kingdom of Great Britain and Northern Ireland, his impromptu ascension to the throne and the speech therapist who helped the unsure monarch become worthy of it.",http://ia.media-imdb.com/images/M/MV5BMzU5MjEwMTg2Nl5BMl5BanBnXkFtZTcwNzM3MTYxNA@@.jpg,"[""Biography"", ""Drama"", ""History""]"
Dog Day Afternoon,A man robs a bank to pay for his lover's operation; it turns into a hostage situation and a media circus.,http://ia.media-imdb.com/images/M/MV5BMTQyNjQ5NjczM15BMl5BanBnXkFtZTYwNDA4MTk4.jpg,"[""Crime"", ""Drama""]"
The Truman Show,An insurance salesman/adjuster discovers his entire life is actually a T.V. show.,http://ia.media-imdb.com/images/M/MV5BMTM4NjY2MTEzM15BMl5BanBnXkFtZTcwMTk2Njk3OA@@.jpg,"[""Drama""]"
Yip Man,"A semi-biographical account of Yip Man, the successful martial arts master who taught the Chinese martial art of Wing Chun to the world.",http://ia.media-imdb.com/images/M/MV5BMjE0NDUzMDcyOF5BMl5BanBnXkFtZTcwNzAxMTA2Mw@@.jpg,"[""Action"", ""Biography"", ""Drama"", ""Sport""]"
La Haine,"After local youth Abdel is beaten unconscious by police, a riot ensues on his estate during which a policeman loses his gun. The gun is found by Vinz who threatens he will kill a cop if Abdel dies.",http://ia.media-imdb.com/images/M/MV5BMTY3OTAyOTMyM15BMl5BanBnXkFtZTcwNTMxMTI0MQ@@.jpg,"[""Crime"", ""Drama""]"
Notorious,A woman is asked to spy on a group of Nazi friends in South America. How far will she have to go to ingratiate herself with them?,http://ia.media-imdb.com/images/M/MV5BMTY3NTAwMjk5OV5BMl5BanBnXkFtZTgwNDU5OTQzMTE@.jpg,"[""Drama"", ""Film-Noir"", ""Romance"", ""Thriller""]"
A Fistful of Dollars,"A wandering gunfighter plays two rival families against each other in a town torn apart by greed, pride, and revenge.",http://ia.media-imdb.com/images/M/MV5BMTAzODAxMzg1MzZeQTJeQWpwZ15BbWU3MDgwMzE5ODk@.jpg,"[""Western""]"
Pirates of the Caribbean: The Curse of the Black Pearl,"Blacksmith Will Turner teams up with eccentric pirate ""Captain"" Jack Sparrow to save his love, the governor's daughter, from Jack's former pirate allies, who are now undead.",http://ia.media-imdb.com/images/M/MV5BMjAyNDM4MTc2N15BMl5BanBnXkFtZTYwNDk0Mjc3.jpg,"[""Action"", ""Adventure"", ""Fantasy""]"
Who's Afraid of Virginia Woolf?,"A bitter aging couple with the help of alcohol, use a young couple to fuel anguish and emotional pain towards each other.",http://ia.media-imdb.com/images/M/MV5BMjIyMjgyNzA3OV5BMl5BanBnXkFtZTgwOTUxNzYxMTE@.jpg,"[""Drama"", ""Romance""]"
Castle in the Sky,A young boy and a girl with a magic crystal must race against pirates and foreign agents in a search for a legendary floating castle.,http://ia.media-imdb.com/images/M/MV5BMTU4MTUyMTc3MV5BMl5BanBnXkFtZTYwOTg4Mzk5.jpg,"[""Animation"", ""Adventure"", ""Family"", ""Fantasy""]"
Roman Holiday,A bored and sheltered princess escapes her guardians and falls in love with an American newsman in Rome.,http://ia.media-imdb.com/images/M/MV5BMTg1ODgzODA1Nl5BMl5BanBnXkFtZTcwNTI0MzU3Mg@@.jpg,"[""Comedy"", ""Romance""]"
The Help,"An aspiring author during the civil rights movement of the 1960s decides to write a book detailing the African-American maids' point of view on the white families for which they work, and the hardships they go through on a daily basis.",http://ia.media-imdb.com/images/M/MV5BMTM5OTMyMjIxOV5BMl5BanBnXkFtZTcwNzU4MjIwNQ@@.jpg,"[""Drama""]"
La Strada,"A care-free girl is sold to a traveling entertainer, consequently enduring physical and emotional pain along the way.",http://ia.media-imdb.com/images/M/MV5BMTgzNTI2MDAxOF5BMl5BanBnXkFtZTgwMTAyODEwMzE@.jpg,"[""Drama""]"
The Night of the Hunter,"A religious fanatic marries a gullible widow whose young children are reluctant to tell him where their real daddy hid $10,000 he'd stolen in a robbery.",http://ia.media-imdb.com/images/M/MV5BMTU5MTMwMzMyN15BMl5BanBnXkFtZTcwODI3Njk3OA@@.jpg,"[""Crime"", ""Drama"", ""Film-Noir"", ""Thriller""]"
"Spring, Summer, Fall, Winter... and Spring","On an isolated lake, an old monk lives on a small floating temple. The wise master has also a young boy with him who learns to become a monk. And we watch as seasons and years pass by.",http://ia.media-imdb.com/images/M/MV5BMTI0ODMwOTIxOV5BMl5BanBnXkFtZTcwMzE2NDUyMQ@@.jpg,"[""Drama""]"
Prisoners,"When Keller Dover's daughter and her friend go missing, he takes matters into his own hands as the police pursue multiple leads and the pressure mounts. But just how far will this desperate father go to protect his family?",http://ia.media-imdb.com/images/M/MV5BMTg0NTIzMjQ1NV5BMl5BanBnXkFtZTcwNDc3MzM5OQ@@.jpg,"[""Crime"", ""Drama"", ""Mystery"", ""Thriller""]"
Underground,The story follows an underground weapons manufacturer in Belgrade during WWII and evolves into fairly surreal situations...,http://ia.media-imdb.com/images/M/MV5BMTgxMjI0MzY4MV5BMl5BanBnXkFtZTcwMzYxMzQyMQ@@.jpg,"[""Comedy"", ""Drama"", ""War""]"
X-Men: Days of Future Past,The X-Men send Wolverine to the past in a desperate effort to change history and prevent an event that results in doom for both humans and mutants.,http://ia.media-imdb.com/images/M/MV5BMjEwMDk2NzY4MF5BMl5BanBnXkFtZTgwNTY2OTcwMDE@.jpg,"[""Action"", ""Adventure"", ""Sci-Fi"", ""Thriller""]"
Le Samouraï,"After killing a night-club owner, professional hitman Jef Costello is n by witnesses. His efforts to provide himself with an alibi fail and  and  he gets driven into a corner.",http://ia.media-imdb.com/images/M/MV5BMTg4OTg0ODEwN15BMl5BanBnXkFtZTcwNjcyMjEzMQ@@.jpg,"[""Crime"", ""Drama"", ""Mystery"", ""Thriller""]"
Boyhood,"The life of Mason, from early childhood to his arrival at college.",http://ia.media-imdb.com/images/M/MV5BMTYzNDc2MDc0N15BMl5BanBnXkFtZTgwOTcwMDQ5MTE@.jpg,"[""Drama""]"
The Big Sleep,"Private detective Philip Marlowe is hired by a rich family. Before the complex case is over, he's n murder, blackmail, and what might be love.",http://ia.media-imdb.com/images/M/MV5BNjg5MjM5MzY5M15BMl5BanBnXkFtZTgwNjg3MzgyMjE@.jpg,"[""Crime"", ""Film-Noir"", ""Mystery"", ""Thriller""]"
Beauty and the Beast,"Belle, whose father is imprisoned by the Beast, offers herself instead, unaware her captor to be an enchanted prince.",http://ia.media-imdb.com/images/M/MV5BMTkyMDgwODY0OV5BMl5BanBnXkFtZTgwODI5NTQ5MTE@.jpg,"[""Animation"", ""Family"", ""Fantasy"", ""Musical"", ""Romance""]"
Lagaan: Once Upon a Time in India,The people of a small village in Victorian India stake their future on a game of cricket against their ruthless British rulers...,http://ia.media-imdb.com/images/M/MV5BMTIwODMwMzA5Ml5BMl5BanBnXkFtZTcwMTQxNTEyMQ@@.jpg,"[""Adventure"", ""Drama"", ""Musical"", ""Romance"", ""Sport""]"
The Killing,Crooks plan and execute a daring race-track robbery.,http://ia.media-imdb.com/images/M/MV5BMTg1NjEwOTI0Nl5BMl5BanBnXkFtZTcwODQ2MjM2NQ@@.jpg,"[""Crime"", ""Film-Noir"", ""Thriller""]"
Three Colors: Red,Final entry in a trilogy of films dealing with contemporary French society concerns a model who discovers her neighbour is keen on invading people's privacy.,http://ia.media-imdb.com/images/M/MV5BMTkyNDE0Njk0N15BMl5BanBnXkFtZTYwNTQ4Mzk5.jpg,"[""Drama"", ""Mystery"", ""Romance""]"
Before Sunset,"Nine years after Jesse and Celine first met, they encounter each other again on the French leg of Jesse's book tour.",http://ia.media-imdb.com/images/M/MV5BMTQ1MjAwNTM5Ml5BMl5BanBnXkFtZTYwNDM0MTc3.jpg,"[""Drama"", ""Romance""]"
Akira,A secret military project endangers Neo-Tokyo when it turns a biker gang member into a rampaging psionic psychopath that only two kids and a group of psionics can stop.,http://ia.media-imdb.com/images/M/MV5BNTk0MjE2NDc1Nl5BMl5BanBnXkFtZTgwODM3NTU3MzE@.jpg,"[""Animation"", ""Action"", ""Sci-Fi""]"
Papillon,"A man befriends a fellow criminal as the two of them begin serving their sentence on a dreadful prison island, which inspires the man to plot his escape.",http://ia.media-imdb.com/images/M/MV5BMTY2NjE5NDk3OV5BMl5BanBnXkFtZTcwMTU3Njk3OA@@.jpg,"[""Biography"", ""Crime"", ""Drama""]"
The Hustler,An up-and-coming pool player plays a long-time champion in a single high-stakes match.,http://ia.media-imdb.com/images/M/MV5BNDQ2NzcyMTU2MF5BMl5BanBnXkFtZTcwMjYyMjA0Mg@@.jpg,"[""Drama"", ""Sport""]"
The Graduate,A disillusioned college graduate finds himself torn between his older lover and her daughter.,http://ia.media-imdb.com/images/M/MV5BMTQ0ODc4MDk4Nl5BMl5BanBnXkFtZTcwMTEzNzgzNA@@.jpg,"[""Comedy"", ""Drama"", ""Romance""]"
